decile,n,bad,avg_score,bad_rate,decile_rank_safe_to_risky
0,28,21,661.25,75.0,1
1,28,18,678.6428571428571,64.29,2
2,28,16,687.1428571428571,57.14,3
3,28,11,694.0357142857143,39.29,4
4,28,10,699.8928571428571,35.71,5
5,28,8,705.0714285714286,28.57,6
6,28,6,710.3928571428571,21.43,7
7,28,10,717.2142857142857,35.71,8
8,28,4,726.2142857142857,14.29,9
9,28,0,740.4285714285714,0.0,10
