MOB,cum_bad_rate,marginal_increase
0,0.0,0.0
3,0.0,0.0
6,3.620625,3.62
9,7.654375,4.03
12,12.5425,4.89
15,15.223125,2.68
18,18.4425,3.22
21,21.60875,3.17
24,24.75,3.14
