Risk_Grade,n,bad_rate,avg_score
E (Very High Risk),106,0.5754716981132075,671.7735849056604
D (High Risk),103,0.42718446601941745,692.8446601941747
C (Medium Risk),98,0.35714285714285715,705.0408163265306
B (Low Risk),96,0.3229166666666667,716.0833333333334
A (Very Low Risk),97,0.10309278350515463,734.7628865979382
